,Population,Image ID,Event ID,N Contributing Cellpose Cells,Cellpose Area,Nucleus Area,Nucleus/Cellpose,Average Nucleus Signal,Circularity 1,Circularity 2,Eccentricity
0,merged_BC,0,0,1,706,687,0.9730878186968839,40.30567685589519,0.9702225015652909,0.9717114568599717,0.610185688049605
1,merged_BC,1,0,1,505,500,0.9900990099009901,263.136,0.980735991393024,0.9652509652509652,0.30623716313902505
2,merged_BC,2,0,1,373,314,0.8418230563002681,229.28980891719746,1.0,0.9751552795031055,0.3106173616910341
3,merged_BC,3,0,1,394,311,0.7893401015228426,152.17041800643088,0.9723793229982264,0.9628482972136223,0.4418923961783162
4,merged_BC,4,0,1,513,489,0.9532163742690059,37.359918200409,0.9726097392456445,0.9607072691552063,0.4366766231675096
5,merged_BC,5,0,1,623,526,0.8443017656500803,167.4087452471483,0.9845358855204991,0.9722735674676525,0.5638447583064885
6,merged_BC,6,0,1,432,352,0.8148148148148148,157.2556818181818,0.996242564693719,0.9750692520775623,0.5363640106656978
7,merged_BC,7,0,1,683,577,0.8448023426061494,161.24090121317158,0.9791159947796473,0.9713804713804713,0.5782572703865937
8,merged_BC,8,0,1,353,353,1.0,161.0056657223796,0.9627463726901858,0.9592391304347826,0.5937303079751908
9,merged_BC,9,0,1,372,369,0.9919354838709677,179.27371273712737,1.0,0.9761904761904762,0.4128283270732205
10,merged_BC,10,0,1,623,526,0.8443017656500803,167.4087452471483,0.9845358855204991,0.9722735674676525,0.5638447583064885
11,merged_BC,11,0,1,391,387,0.989769820971867,137.4780361757106,0.9678323241327017,0.9699248120300752,0.587253241867794
12,merged_BC,12,0,1,559,491,0.8783542039355993,179.11405295315683,0.9822649546309763,0.9646365422396856,0.42807915493680043
13,merged_BC,13,0,1,425,312,0.7341176470588235,482.7564102564103,0.9586369253156128,0.9659442724458205,0.6374023673767176
14,merged_BC,14,0,1,613,465,0.7585644371941273,133.04516129032257,0.96825071211985,0.9667359667359667,0.546290823980394
15,merged_BC,15,0,1,317,296,0.9337539432176656,163.56756756756758,1.0,0.9704918032786886,0.3697193070051189
16,merged_BC,16,0,1,508,491,0.9665354330708661,124.88594704684317,0.9961768306943178,0.9742063492063492,0.548415515117603
17,merged_BC,17,0,1,313,308,0.9840255591054313,130.81493506493507,0.9903226850834537,0.9716088328075709,0.4032318938118332
18,merged_BC,18,0,1,321,321,1.0,210.98442367601245,0.9722507354015613,0.9697885196374623,0.661418544060018
19,merged_BC,19,0,1,428,360,0.8411214953271028,112.58888888888889,0.9790869610375836,0.967741935483871,0.43843749417988065
20,merged_BC,20,0,1,285,277,0.9719298245614035,182.56317689530687,0.9983014829339923,0.9651567944250871,0.2480894835826164
21,merged_BC,21,0,1,305,278,0.9114754098360656,189.18345323741008,0.983322100534702,0.9619377162629758,0.27959106256892824
22,merged_BC,22,0,1,334,328,0.9820359281437125,138.7408536585366,1.0,0.967551622418879,0.24368528748779297
23,merged_BC,23,0,1,295,268,0.9084745762711864,114.32089552238806,1.0,0.9745454545454545,0.4511283841909684
24,merged_BC,23,1,1,224,220,0.9821428571428571,100.77272727272727,0.9914587289091804,0.9649122807017544,0.45230181551524523
25,merged_BC,23,2,1,176,167,0.9488636363636364,86.34131736526946,0.9873992446002345,0.9653179190751445,0.4598782163156472
26,merged_BC,24,0,1,380,289,0.7605263157894737,181.34602076124568,0.9673930602140886,0.9601328903654485,0.3092045598781902
27,merged_BC,25,0,1,444,376,0.8468468468468469,309.90425531914894,0.9678531069804925,0.9616368286445013,0.38293785825374826
28,merged_BC,26,0,1,426,371,0.8708920187793427,125.52021563342318,1.0,0.973753280839895,0.44764571801123715
29,merged_BC,27,0,1,783,756,0.9655172413793104,123.11507936507937,0.96662585638933,0.9655172413793104,0.5578114550041346
30,merged_BC,27,1,1,435,211,0.4850574712643678,62.59715639810427,0.9798291231210443,0.9590909090909091,0.5199129179489926
31,merged_BC,27,2,1,220,219,0.9954545454545455,137.96803652968038,0.9869520983232296,0.9690265486725663,0.6003469850482276
32,merged_BC,28,0,1,471,364,0.772823779193206,126.23626373626374,0.967479413893429,0.9629629629629629,0.6310566237716535
33,merged_BC,29,0,1,593,434,0.7318718381112985,89.0,0.9357209681379774,0.9623059866962306,0.5974386443221231
34,merged_BC,30,0,1,500,426,0.852,113.07511737089202,1.0,0.9770642201834863,0.5080443475795006
35,merged_BC,31,0,1,411,316,0.7688564476885644,131.15506329113924,0.9880124310850145,0.9634146341463414,0.3455429090803354
36,merged_BC,32,0,1,285,282,0.9894736842105263,171.56382978723406,0.989815687789651,0.9657534246575342,0.3767121968551208
37,merged_BC,33,0,1,628,488,0.7770700636942676,219.58196721311475,0.9472171425415634,0.9663366336633663,0.5942525883749236
38,merged_BC,34,0,1,398,263,0.6608040201005025,172.56653992395437,0.9033724986603665,0.9669117647058824,0.7605462539670916
39,merged_BC,34,1,1,412,249,0.6043689320388349,181.04819277108433,0.9217469144768178,0.9576923076923077,0.7532066513771261
40,merged_BC,35,0,1,351,306,0.8717948717948718,185.61111111111111,0.980899636546681,0.9683544303797469,0.5248266065648902
41,merged_BC,36,0,1,389,386,0.9922879177377892,97.81865284974093,1.0,0.9821882951653944,0.446711468275199
42,merged_BC,37,0,1,396,297,0.75,161.4882154882155,0.9867487911343457,0.9705882352941176,0.48058254810189693
43,merged_BC,38,0,1,416,385,0.9254807692307693,776.4753246753247,0.9628306066953234,0.9600997506234414,0.335752635814083
44,merged_BC,39,0,1,393,319,0.811704834605598,227.07523510971788,0.9901933461852126,0.9666666666666667,0.538413410463692
45,merged_BC,40,0,1,328,280,0.8536585365853658,219.76785714285714,0.990396360250779,0.9722222222222222,0.6153690000973502
46,merged_BC,41,0,1,285,279,0.9789473684210527,207.20430107526883,1.0,0.9789473684210527,0.2575069323844308
47,merged_BC,42,0,1,412,319,0.7742718446601942,177.8746081504702,0.9801448050502582,0.9666666666666667,0.49834127964104236
48,merged_BC,43,0,1,434,353,0.8133640552995391,173.05665722379604,0.9509252064718179,0.9592391304347826,0.4484515343236645
49,merged_BC,44,0,1,363,348,0.9586776859504132,140.46264367816093,0.978156238413373,0.9613259668508287,0.41086459891745786
50,merged_BC,45,0,1,336,272,0.8095238095238095,159.88235294117646,0.9989842206750449,0.9679715302491103,0.5228785744665285
51,merged_BC,46,0,1,440,440,1.0,314.66818181818184,0.970928631479094,0.9606986899563319,0.5439115166526519
52,merged_BC,47,0,1,337,315,0.9347181008902077,465.1015873015873,1.0,0.9722222222222222,0.3664634464201686
53,merged_BC,48,0,1,410,352,0.8585365853658536,132.95454545454547,0.9893994135675492,0.967032967032967,0.3148936408148227
54,merged_BC,49,0,1,727,388,0.5337001375515819,249.35309278350516,0.9614876706222385,0.9651741293532339,0.43432394590480466
55,merged_BC,50,0,1,348,331,0.9511494252873564,169.6918429003021,0.9854722351276607,0.9622093023255814,0.2840814690828235
56,merged_BC,50,1,2,248,153,0.6169354838709677,197.86274509803923,0.8745706829308423,0.9272727272727272,0.6235324250700932
57,merged_BC,51,0,1,383,326,0.8511749347258486,458.86503067484665,0.9637489632924442,0.9616519174041298,0.5183503381419432
58,merged_BC,52,0,1,437,360,0.8237986270022883,135.25277777777777,0.9697820802545453,0.9651474530831099,0.5446001537327892
59,merged_BC,52,1,2,512,493,0.962890625,204.2839756592292,0.7925796814060756,0.912962962962963,0.8397366556200292
60,merged_BC,53,0,1,489,439,0.8977505112474438,183.8496583143508,0.9892054136162047,0.9669603524229075,0.3583583779296137
61,merged_BC,54,0,1,365,354,0.9698630136986301,311.7457627118644,0.9882096343272191,0.9698630136986301,0.43770426074890667
62,merged_BC,55,0,2,903,759,0.840531561461794,125.93148880105402,0.6969016760040067,0.8784722222222222,0.8658058819033129
63,merged_BC,56,0,1,359,335,0.9331476323119777,162.47462686567164,0.9641327935970307,0.9598853868194842,0.4456444830621562
64,merged_BC,57,0,1,476,472,0.9915966386554622,172.61228813559322,0.9852419483174605,0.9652351738241309,0.15730180487237122
65,merged_BC,58,0,1,574,469,0.8170731707317073,128.15138592750532,0.9571287222440175,0.9650205761316872,0.6232730448820505
66,merged_BC,59,0,1,610,579,0.9491803278688524,338.6683937823834,0.984689208394667,0.9698492462311558,0.4520587262388342
67,merged_BC,60,0,1,322,278,0.8633540372670807,135.4568345323741,0.9909563335949577,0.972027972027972,0.4632566977803856
68,merged_BC,61,0,1,241,204,0.8464730290456431,192.16176470588235,0.9854183527590242,0.966824644549763,0.5733432148811782
69,merged_BC,62,0,1,356,301,0.8455056179775281,159.6578073089701,0.9822190697549877,0.9647435897435898,0.4998933780222712
70,merged_BC,63,0,1,375,374,0.9973333333333333,236.86631016042782,0.9808882545400865,0.9664082687338501,0.45339383097441655
71,merged_BC,63,1,1,167,167,1.0,249.874251497006,0.954596758493141,0.943502824858757,0.5084982274906877
72,merged_BC,64,0,1,416,305,0.7331730769230769,129.64262295081969,0.9705492751380631,0.9682539682539683,0.6752571830748841
73,merged_BC,65,0,1,276,276,1.0,171.55072463768116,0.9613496334603648,0.9517241379310345,0.4359792838558127
74,merged_BC,66,0,1,394,354,0.8984771573604061,157.68361581920905,0.9786956712391236,0.959349593495935,0.3393066530975305
75,merged_BC,67,0,1,302,290,0.9602649006622517,159.94482758620688,1.0,0.9731543624161074,0.3379257892612168
76,merged_BC,68,0,1,330,311,0.9424242424242424,161.19935691318327,0.9824362564113949,0.9688473520249221,0.5100477084716692
77,merged_BC,69,0,1,398,396,0.9949748743718593,112.48737373737374,1.0,0.972972972972973,0.2646966797921104
78,merged_BC,70,0,1,342,279,0.8157894736842105,167.20071684587813,0.9945209247229969,0.9721254355400697,0.4684258624055823
79,merged_BC,71,0,1,896,616,0.6875,123.25649350649351,0.9708839650131245,0.9762282091917591,0.6692978900228952
80,merged_BC,72,0,1,380,358,0.9421052631578948,369.60614525139664,1.0,0.9808219178082191,0.4119730953301863
81,merged_BC,73,0,1,353,278,0.7875354107648725,138.4928057553957,0.983322100534702,0.9652777777777778,0.5165734368742462
82,merged_BC,74,0,1,184,184,1.0,149.1413043478261,1.0,0.968421052631579,0.2538376506717893
83,merged_BC,75,0,1,161,161,1.0,305.19875776397515,0.999505509315481,0.9640718562874252,0.25123043678696183
84,merged_BC,76,0,1,152,152,1.0,213.98684210526315,0.9673671463671187,0.9440993788819876,0.3260349041453872
85,merged_BC,77,0,1,174,172,0.9885057471264368,187.72093023255815,0.9736006882234071,0.9555555555555556,0.5291354220292678
86,merged_BC,78,0,1,372,267,0.717741935483871,66.41573033707866,0.9698031194329905,0.960431654676259,0.3869427242235254
87,merged_BC,79,0,1,254,199,0.7834645669291339,289.5075376884422,1.0,0.9707317073170731,0.5324592221204415
88,merged_BC,80,0,1,171,165,0.9649122807017544,164.8121212121212,0.989489759998608,0.9649122807017544,0.4667524063894297
89,merged_BC,81,0,1,826,565,0.6840193704600485,449.7575221238938,0.9485831611347353,0.9724612736660929,0.7070338188608061
90,merged_BC,81,1,1,359,227,0.6323119777158774,176.54625550660793,1.0,0.9700854700854701,0.36669406250019565
91,merged_BC,82,0,1,706,400,0.56657223796034,245.7625,0.9345835341495262,0.966183574879227,0.6727873985980863
92,merged_BC,83,0,1,931,628,0.6745435016111708,321.89171974522293,0.9726121226638835,0.9676425269645609,0.41048922436977453
93,merged_BC,83,1,1,167,165,0.9880239520958084,556.8969696969697,0.9995101018146895,0.9705882352941176,0.5690470549688771
94,merged_BC,84,0,1,603,460,0.7628524046434494,261.7413043478261,0.9716826200783306,0.9725158562367865,0.5926345957650557
95,merged_BC,85,0,1,509,416,0.8172888015717092,266.40384615384613,0.9574116479437893,0.9563218390804598,0.43164674554304633
96,merged_BC,86,0,1,838,663,0.7911694510739857,272.7843137254902,0.9190865304627338,0.958092485549133,0.630990758648298
97,merged_BC,87,0,1,1430,1007,0.7041958041958042,221.49155908639523,0.9073010769986735,0.9572243346007605,0.7252221484518447
98,merged_BC,88,0,1,760,729,0.9592105263157895,358.3539094650206,0.9260160172208916,0.9592105263157895,0.5488242750036029
99,merged_BC,89,0,1,859,611,0.7112922002328289,286.58428805237315,0.9822843516006332,0.9729299363057324,0.40734564376731947
100,merged_BC,90,0,1,877,525,0.5986316989737742,353.5028571428571,0.9143270970411076,0.9545454545454546,0.45692581395526694
101,merged_BC,91,0,1,800,647,0.80875,241.0355486862442,0.949645132718747,0.968562874251497,0.6901689380436393
102,merged_BC,92,0,1,990,632,0.6383838383838384,255.39398734177215,0.9120791709739272,0.9532428355957768,0.6717892626371925
103,merged_BC,93,0,1,890,689,0.7741573033707865,304.7576197387518,0.9306223797538757,0.9649859943977591,0.69561114714128
104,merged_BC,94,0,1,538,537,0.9981412639405205,302.6033519553073,1.0,0.9781420765027322,0.4008510420099947
105,merged_BC,95,0,1,732,534,0.7295081967213115,217.18913857677902,0.9350588925694926,0.9656419529837251,0.696616624519655
106,merged_BC,96,0,1,605,558,0.9223140495867769,345.7795698924731,0.959215493192473,0.9620689655172414,0.18232279844998345
107,merged_BC,97,0,1,629,533,0.8473767885532592,253.77298311444653,0.9842506243072027,0.9673321234119783,0.3526939971125593
108,merged_BC,98,0,1,764,501,0.6557591623036649,430.19161676646706,0.9483625022599917,0.9634615384615385,0.43058114838349615
109,merged_BC,99,0,1,407,407,1.0,486.0859950859951,1.0,0.9760191846522782,0.5176417597407443
110,merged_BC,100,0,1,640,518,0.809375,422.34362934362935,0.9641407384905217,0.9682242990654205,0.5758575012027347
111,merged_BC,101,0,1,524,511,0.9751908396946565,310.1506849315069,0.9885466754798461,0.969639468690702,0.20069987575951717
112,merged_BC,102,0,1,835,640,0.7664670658682635,331.146875,0.9861537872298312,0.9711684370257967,0.44594477840519486
113,merged_BC,103,0,2,1201,1049,0.8734388009991674,220.3813155386082,0.6016860048885895,0.8292490118577075,0.9074409902733419
114,merged_BC,104,0,1,407,402,0.9877149877149877,564.6592039800995,0.9683668149958853,0.9571428571428572,0.19636298909981492
115,merged_BC,105,0,1,930,652,0.7010752688172043,185.7776073619632,0.9409424358781651,0.9630723781388478,0.3851372173826491
116,merged_BC,106,0,2,1149,710,0.61792863359443,402.3,0.7065829140784878,0.9466666666666667,0.9124258623903903
117,merged_BC,107,0,1,832,664,0.7980769230769231,219.65060240963857,0.9717646724455019,0.967930029154519,0.47027582423355835
118,merged_BC,108,0,1,770,686,0.8909090909090909,195.12827988338194,0.9641022694706516,0.9675599435825106,0.3135481418964091
119,merged_BC,109,0,1,929,685,0.7373519913885899,225.54306569343066,0.9450121102568733,0.9620786516853933,0.4348032986916587
120,merged_BC,110,0,1,613,457,0.7455138662316476,277.11159737417944,0.9853098673710957,0.9744136460554371,0.5211722735020146
121,merged_BC,111,0,1,545,420,0.7706422018348624,321.01666666666665,0.9963455670052797,0.9722222222222222,0.3984818543466975
122,merged_BC,112,0,1,1124,868,0.7722419928825622,291.44930875576034,0.9779388371513278,0.96875,0.4650282261708243
123,merged_BC,113,0,1,701,581,0.8288159771754636,185.68502581755592,0.988090552810538,0.9715719063545151,0.29729888758780526
124,merged_BC,114,0,1,607,523,0.8616144975288303,225.66730401529637,0.8650093046885249,0.9509090909090909,0.8295272959658468
125,merged_BC,115,0,1,734,499,0.6798365122615804,260.65330661322645,0.9575862113731979,0.9633204633204633,0.5406959744409817
126,merged_BC,116,0,1,1715,1370,0.7988338192419825,163.35912408759125,0.956106778974781,0.9737029140014215,0.6099853942261717
127,merged_BC,117,0,1,710,517,0.7281690140845071,255.1779497098646,0.9032580249538764,0.9736346516007532,0.6959436693879569
128,merged_BC,118,0,1,1123,824,0.7337488869100623,225.43082524271844,0.9423294499893153,0.9559164733178654,0.6009432086911296
129,merged_BC,119,0,1,743,551,0.7415881561238223,216.25226860254082,0.9961076643264909,0.9734982332155477,0.309108828263137
130,merged_BC,120,0,1,641,628,0.9797191887675507,547.7515923566879,0.9796757319651707,0.9676425269645609,0.43872375331625385
131,merged_BC,121,0,1,360,307,0.8527777777777777,450.10749185667754,0.9944120770862035,0.9715189873417721,0.47965278286316726
132,merged_BC,122,0,1,512,484,0.9453125,278.72314049586777,0.9739064425943638,0.9718875502008032,0.5363029766028242
133,merged_BC,123,0,1,844,581,0.6883886255924171,295.2839931153184,0.9459005010154078,0.9635157545605307,0.5562196559934686
134,merged_BC,124,0,2,1236,1136,0.919093851132686,230.86355633802816,0.6286050320239847,0.8515742128935532,0.8939587636022044
135,merged_BC,125,0,1,666,599,0.8993993993993994,604.0801335559265,0.9392444035500888,0.9614767255216693,0.6004520732890727
136,merged_BC,126,0,1,456,404,0.8859649122807017,354.58663366336634,0.9706218946291018,0.9711538461538461,0.5525667228608478
137,merged_BC,127,0,1,845,511,0.6047337278106509,436.62818003913895,0.9885466754798461,0.9714828897338403,0.5252187216951519
138,merged_BC,128,0,1,413,406,0.9830508474576272,250.91871921182266,0.9932175298817174,0.9689737470167065,0.5199440465491295
139,merged_BC,129,0,1,528,519,0.9829545454545454,240.6204238921002,0.9903279819747258,0.9700934579439252,0.4157695026091634
140,merged_BC,130,0,1,646,560,0.8668730650154799,260.1017857142857,0.9859333561878902,0.9773123909249564,0.47790594688547566
141,merged_BC,131,0,1,257,245,0.953307392996109,267.1142857142857,0.9883616450710071,0.9722222222222222,0.6499221909650499
142,merged_BC,131,1,1,808,667,0.8254950495049505,358.47076461769115,0.9512336250770316,0.9638728323699421,0.2979848214217577
143,merged_BC,132,0,2,1519,1245,0.8196181698485846,339.70602409638553,0.6759755552070821,0.8706293706293706,0.8556184281900818
144,merged_BC,133,0,1,923,722,0.7822318526543879,273.8781163434903,0.8871541426674795,0.9613848202396804,0.7110253720088099
145,merged_BC,134,0,1,440,440,1.0,184.59772727272727,0.9510296679337109,0.9606986899563319,0.5293011775977298
146,merged_BC,135,0,1,508,465,0.9153543307086615,251.81505376344086,0.9822443876878776,0.9667359667359667,0.5006559894863118
147,merged_BC,136,0,2,1206,1093,0.906301824212272,245.25251601097895,0.8205347758486068,0.9333902647309992,0.8190785218220319
148,merged_BC,137,0,1,487,415,0.8521560574948666,225.07469879518072,0.9635760334010267,0.9606481481481481,0.5950592647452878
149,merged_BC,138,0,1,1028,712,0.6926070038910506,181.76544943820224,0.9662916836473128,0.966078697421981,0.3766096475623848
150,merged_BC,139,0,1,956,598,0.6255230125523012,189.2541806020067,0.9148343792194925,0.9492063492063492,0.63939489084385
151,merged_BC,140,0,1,1403,1371,0.977191732002851,191.29248723559445,0.9714515541658776,0.9764957264957265,0.5402530021148364
152,merged_BC,141,0,1,810,796,0.9827160493827161,224.2964824120603,0.9953417700382822,0.9742962056303549,0.48248164729239895
153,merged_BC,142,0,1,457,397,0.8687089715536105,234.67254408060452,0.9837902196830636,0.9659367396593674,0.17279033954866707
154,merged_BC,143,0,2,1497,1115,0.7448229792919172,173.67892376681615,0.606150818729127,0.8240946045824095,0.9074851852273761
155,merged_BC,144,0,1,630,542,0.8603174603174604,448.5811808118081,0.949067265491882,0.9575971731448764,0.40220845423036533
156,merged_BC,145,0,1,1013,678,0.6692991115498519,279.6297935103245,0.9183289413890197,0.9685714285714285,0.689812147492272
157,merged_BC,146,0,1,626,453,0.7236421725239617,230.94481236203092,0.929920313647705,0.9476987447698745,0.5530606840002834
158,merged_BC,147,0,1,721,437,0.6061026352288488,661.816933638444,0.8896616632205843,0.9604395604395605,0.755566782710299
159,merged_BC,148,0,1,936,600,0.6410256410256411,155.785,0.9696392818720991,0.970873786407767,0.4542424938337541
160,merged_BC,149,0,1,626,499,0.7971246006389776,136.32264529058116,0.9787745194102381,0.965183752417795,0.40979541795411745
161,merged_BC,150,0,1,603,581,0.9635157545605307,190.06540447504304,0.9702790153326,0.9635157545605307,0.22121143258914028
162,merged_BC,151,0,1,228,228,1.0,286.9736842105263,0.9772556948140694,0.9539748953974896,0.45853171148425104
163,merged_BC,152,0,1,245,205,0.8367346938775511,218.9512195121951,0.9902488348803923,0.9761904761904762,0.6032340487347373
164,merged_BC,153,0,1,297,297,1.0,461.66329966329965,1.0,0.9737704918032787,0.37280568802333086
165,merged_BC,155,0,1,159,159,1.0,114.99371069182389,1.0,0.9754601226993865,0.453579766924345
166,merged_BC,156,0,1,225,188,0.8355555555555556,72.94680851063829,0.9796117593931284,0.9740932642487047,0.6422357742800509
167,merged_BC,157,0,1,177,154,0.8700564971751412,121.57142857142857,0.9659007555707089,0.9685534591194969,0.6261904527430799
168,merged_BC,158,0,1,197,197,1.0,100.59390862944163,1.0,0.9752475247524752,0.4343480367385824
169,merged_BC,159,0,1,251,227,0.9043824701195219,79.31277533039648,0.9812897028225104,0.9659574468085106,0.5480383638627605
170,merged_BC,160,0,1,227,205,0.9030837004405287,99.23414634146341,1.0,0.9669811320754716,0.5589127415670487
171,merged_BC,161,0,1,215,205,0.9534883720930233,84.45853658536585,1.0,0.9761904761904762,0.3506805545795337
172,merged_BC,162,0,1,182,182,1.0,117.6043956043956,1.0,0.9680851063829787,0.39895160943239466
173,merged_BC,163,0,1,213,213,1.0,388.37089201877933,1.0,0.9638009049773756,0.28380961689362555
174,merged_BC,164,0,1,324,312,0.9629629629629629,404.87179487179486,0.9855952154352259,0.968944099378882,0.4313575158479613
175,merged_BC,165,0,1,183,183,1.0,621.8415300546449,1.0,0.973404255319149,0.23396594654665567
176,merged_BC,166,0,1,524,485,0.9255725190839694,880.4494845360824,0.9840035904007008,0.9680638722554891,0.37993908857547576
177,merged_BC,167,0,1,733,643,0.8772169167803547,626.3032659409021,0.9688655806422979,0.9669172932330827,0.4589840744305323
178,merged_BC,168,0,1,146,146,1.0,596.3082191780821,0.9629199536589724,0.9419354838709677,0.47858858292893747
179,merged_BC,169,0,1,148,148,1.0,657.0945945945946,1.0,0.961038961038961,0.34934655952196414
180,merged_BC,170,0,1,884,779,0.8812217194570136,25.997432605905008,0.8853633652290273,0.9534883720930233,0.4761875280506483
181,merged_BC,171,0,1,301,247,0.8205980066445183,77.39271255060729,0.976892052576197,0.9610894941634242,0.5217079852959802
182,merged_BC,172,0,1,182,182,1.0,613.032967032967,1.0,0.9680851063829787,0.23363588287960285
183,merged_BC,173,0,1,205,203,0.9902439024390244,807.9901477832512,0.9932175298817174,0.9575471698113207,0.20157377370860236
184,merged_BC,174,0,1,187,187,1.0,1007.3101604278074,1.0,0.9689119170984456,0.332302137928184
185,merged_BC,175,0,1,286,281,0.9825174825174825,80.94661921708185,1.0,0.9825174825174825,0.4423512991241733
186,merged_BC,176,0,1,175,175,1.0,155.85714285714286,1.0,0.9562841530054644,0.2911710978737592
187,merged_BC,177,0,1,198,198,1.0,218.37373737373738,0.977608803309552,0.9753694581280788,0.6828169639666233
188,merged_BC,178,0,1,150,150,1.0,252.64666666666668,0.9893013222523692,0.9554140127388535,0.3907110545615891
189,merged_BC,179,0,1,138,138,1.0,215.4855072463768,1.0,0.965034965034965,0.49234784568093987
190,merged_BC,180,0,1,152,152,1.0,198.36184210526315,0.977461351510941,0.9559748427672956,0.45039438050414293
191,merged_BC,181,0,1,151,151,1.0,191.03311258278146,1.0,0.9805194805194806,0.41990866739678295
192,merged_BC,182,0,1,1061,1033,0.9736098020735156,279.51113262342693,0.9839231313283955,0.9745283018867924,0.40085058305045324
193,merged_BC,183,0,1,1208,1202,0.9950331125827815,307.1439267886855,0.9857483917133681,0.9764419171405362,0.4704980144034852
194,merged_BC,184,0,1,982,982,1.0,296.65173116089613,0.9765876931893899,0.9703557312252964,0.5331026006740602
195,merged_BC,185,0,1,1144,1143,0.9991258741258742,310.22222222222223,0.9846157015642746,0.9752559726962458,0.40055435252714533
196,merged_BC,186,0,1,1064,1029,0.9671052631578947,302.6909620991254,0.970703685953657,0.9698397737983034,0.43322622719314885
197,merged_BC,187,0,1,937,933,0.9957310565635006,394.3376205787781,0.9696913390222125,0.9688473520249221,0.3325426732147079
198,merged_BC,188,0,1,846,838,0.9905437352245863,285.85322195704055,0.9939733156552669,0.9721577726218097,0.2847381292473124
199,merged_BC,189,0,1,1105,1082,0.9791855203619909,302.03604436229205,0.989579585810375,0.975653742110009,0.3522029232225489
200,merged_BC,190,0,1,897,866,0.9654403567447045,273.3799076212471,0.9799498523744629,0.9708520179372198,0.44148441974564046
201,merged_BC,191,0,1,287,256,0.89198606271777,448.796875,0.9769709571696715,0.9552238805970149,0.4464342817950015
202,merged_BC,192,0,1,352,292,0.8295454545454546,464.5308219178082,0.9629199536589724,0.954248366013072,0.44824900414539737
203,merged_BC,193,0,1,180,180,1.0,551.9833333333333,1.0,0.9574468085106383,0.2563617421566987
204,merged_BC,194,0,1,387,387,1.0,274.92248062015506,0.9896407577319325,0.9626865671641791,0.36720461714283664
205,merged_BC,195,0,1,209,209,1.0,391.1961722488038,1.0,0.9675925925925926,0.1394797265317573
206,merged_BC,196,0,1,254,254,1.0,402.46456692913387,1.0,0.9731800766283525,0.24443672448130963
207,merged_BC,197,0,1,212,212,1.0,773.7641509433962,0.9932378272713301,0.9636363636363636,0.4670008366365891
208,merged_BC,198,0,1,324,320,0.9876543209876543,359.134375,1.0,0.975609756097561,0.4107829114101576
209,merged_BC,199,0,1,271,265,0.977859778597786,339.1811320754717,0.9920228504294003,0.9636363636363636,0.21259641392396786
210,merged_BC,200,0,1,419,314,0.7494033412887828,348.312101910828,1.0,0.9751552795031055,0.41901105962841234
211,merged_BC,201,0,1,316,316,1.0,501.8006329113924,0.9738268648894585,0.9604863221884499,0.26531760342825816
212,merged_BC,202,0,1,259,259,1.0,319.5328185328185,0.9805424674065385,0.9700374531835206,0.4017050501417169
213,merged_BC,203,0,1,225,225,1.0,477.85333333333335,1.0,0.9698275862068966,0.4714453556539563
214,merged_BC,204,0,1,327,327,1.0,374.0764525993884,0.990423646343647,0.9732142857142857,0.5933464796061813
215,merged_BC,205,0,1,210,210,1.0,401.6333333333333,0.9751853832010394,0.958904109589041,0.5163235365120481
216,merged_BC,206,0,1,215,213,0.9906976744186047,404.71830985915494,1.0,0.9726027397260274,0.35477907806570275
217,merged_BC,207,0,1,316,316,1.0,367.5411392405063,0.9982310515305494,0.9634146341463414,0.42430829513137025
218,merged_BC,208,0,1,329,315,0.9574468085106383,327.57142857142856,1.0,0.9692307692307692,0.27558446773456025
219,merged_BC,209,0,1,302,302,1.0,327.9701986754967,0.9958966644007181,0.9648562300319489,0.39200481664678966
220,merged_BC,210,0,1,217,215,0.9907834101382489,265.47906976744184,0.9984040828010641,0.9641255605381166,0.4714758009300649
221,merged_BC,211,0,1,405,405,1.0,364.3160493827161,0.9907711812859497,0.9642857142857143,0.27656441828779904
222,merged_BC,212,0,1,226,226,1.0,494.83185840707966,0.9974085032467057,0.9576271186440678,0.36396849885833876
223,merged_BC,213,0,1,217,217,1.0,613.557603686636,1.0,0.96875,0.4173496530133493
224,merged_BC,214,0,2,223,204,0.9147982062780269,363.078431372549,0.7576422209676102,0.8869565217391304,0.7454322038452882
225,merged_BC,215,0,1,205,205,1.0,610.6439024390244,1.0,0.9669811320754716,0.46218427236670606
226,merged_BC,216,0,1,211,211,1.0,506.3270142180095,0.9798291231210443,0.9634703196347032,0.571534532406936
227,merged_BC,217,0,1,912,724,0.793859649122807,96.06767955801105,1.0,0.9770580296896086,0.27409668737423215
228,merged_BC,217,1,1,123,123,1.0,175.97560975609755,1.0,0.9761904761904762,0.6292740722527375
229,merged_BC,218,0,1,1037,611,0.5891996142719382,198.64648117839607,0.9801704626838136,0.9713831478537361,0.42844234223198996
230,merged_BC,219,0,2,1400,1398,0.9985714285714286,77.86123032904149,0.8202268272385466,0.9357429718875502,0.7724455546412174
231,merged_BC,220,0,1,305,242,0.7934426229508197,174.4214876033058,0.9571169098114971,0.952755905511811,0.5172227857688382
232,merged_BC,221,0,1,964,551,0.5715767634854771,455.2540834845735,0.972279918590273,0.968365553602812,0.4684806081105864
233,merged_BC,222,0,1,406,406,1.0,649.1625615763547,1.0,0.973621103117506,0.46631739614090045
234,merged_BC,223,0,1,688,641,0.9316860465116279,308.4399375975039,0.9927458131011934,0.9756468797564688,0.41208363170787404
235,merged_BC,224,0,1,688,481,0.6991279069767442,352.66112266112265,0.9816181565018601,0.9658634538152611,0.3753275734770026
236,merged_BC,225,0,1,781,522,0.6683738796414853,368.29693486590037,0.9436809451514128,0.9648798521256932,0.6715886971613798
237,merged_BC,226,0,1,801,449,0.5605493133583022,403.65924276169267,0.9598636762649608,0.9635193133047211,0.29824754854084606
238,merged_BC,227,0,1,640,479,0.7484375,421.96242171189976,0.9140021259458452,0.9637826961770624,0.7685151869593992
239,merged_BC,228,0,1,479,377,0.7870563674321504,323.209549071618,0.9551824576740886,0.9592875318066157,0.41099854218807497
240,merged_BC,229,0,1,508,456,0.8976377952755905,180.9232456140351,0.965617548737165,0.9661016949152542,0.547115281979453
241,merged_BC,230,0,1,854,476,0.5573770491803278,393.7857142857143,0.9010390241033057,0.9635627530364372,0.7909374957885599
242,merged_BC,231,0,1,630,571,0.9063492063492063,300.6654991243433,0.9414850916768378,0.969439728353141,0.7121942545932165
243,merged_BC,232,0,1,750,544,0.7253333333333334,266.3584558823529,0.9599279051054601,0.9714285714285714,0.6614831150955749
244,merged_BC,233,0,1,651,651,1.0,336.80491551459295,0.9858804186081256,0.9730941704035875,0.48720429459306974
245,merged_BC,234,0,1,302,302,1.0,395.3708609271523,0.9782164406515746,0.9587301587301588,0.5674396545221811
246,merged_BC,235,0,1,573,505,0.881326352530541,389.27326732673265,0.9881891795218672,0.97678916827853,0.5448663379147198
247,merged_BC,236,0,1,522,516,0.9885057471264368,395.34496124031006,0.9475659151991233,0.9555555555555556,0.4740804367481491
248,merged_BC,237,0,1,603,418,0.693200663349917,333.6674641148325,0.9560526944066353,0.9565217391304348,0.4066420084302539
249,merged_BC,238,0,1,1209,955,0.7899090157154673,274.2010471204188,0.9200224460481934,0.9656218402426694,0.7356307441869614
250,merged_BC,239,0,1,781,364,0.4660691421254802,464.64835164835165,0.9805574367018179,0.978494623655914,0.40616053482215053
251,merged_BC,240,0,1,566,490,0.8657243816254417,676.138775510204,0.9120250228964395,0.9551656920077972,0.7089941539522331
252,merged_BC,241,0,1,951,621,0.6529968454258676,507.8099838969404,0.991054122451941,0.9733542319749217,0.5016172920007649
253,merged_BC,242,0,1,512,411,0.802734375,436.4160583941606,0.9124902667170873,0.9602803738317757,0.6182991442242514
254,merged_BC,243,0,1,509,364,0.7151277013752456,535.7445054945055,0.9995100317696235,0.9732620320855615,0.4504859523924289
255,merged_BC,244,0,1,637,484,0.7598116169544741,422.0309917355372,0.9796012227153379,0.969939879759519,0.4603124783770321
256,merged_BC,245,0,1,613,496,0.8091353996737357,452.6391129032258,0.9841715860973671,0.9725490196078431,0.485776678722062
257,merged_BC,246,0,1,606,494,0.8151815181518152,444.29352226720647,0.9882665734983749,0.9743589743589743,0.5341675574232557
258,merged_BC,247,0,1,368,332,0.9021739130434783,656.144578313253,0.9423309744537303,0.9567723342939481,0.6685492537694545
259,merged_BC,248,0,1,1146,638,0.5567190226876091,363.7100313479624,0.9364352313362605,0.9681335356600911,0.7588363476099529
260,merged_BC,249,0,1,127,127,1.0,236.251968503937,0.9771571361859174,0.9621212121212122,0.4524571052275324
261,merged_BC,249,1,1,307,189,0.6156351791530945,119.92063492063492,0.9756605284227748,0.9593908629441624,0.5890062227382529
262,merged_BC,250,0,1,2018,2017,0.9995044598612488,217.80416460089242,0.978278771682845,0.9805542051531356,0.3033247653193316
263,merged_BC,251,0,1,785,785,1.0,452.77324840764334,0.9663853252358366,0.9703337453646477,0.4926025023822527
264,merged_BC,252,0,1,584,564,0.9657534246575342,121.40780141843972,0.9134338949130598,0.9608177172061328,0.762640632531086
265,merged_BC,253,0,1,1831,1797,0.9814309120699072,56.74234835837507,0.9570310472525142,0.9771615008156607,0.4301835704389147
266,merged_BC,254,0,1,950,924,0.9726315789473684,72.0551948051948,0.9467642429841502,0.9736564805057956,0.6670283348943739
267,merged_BC,255,0,1,875,792,0.9051428571428571,53.12752525252525,0.7876348808615039,0.9417360285374554,0.6876335502611839
268,merged_BC,256,0,1,972,959,0.9866255144032922,146.84045881126173,0.9498230123060795,0.9667338709677419,0.35064408519629575
269,merged_BC,257,0,1,908,842,0.9273127753303965,134.58669833729215,0.9353858195516701,0.9644902634593356,0.6048665886010391
270,merged_BC,258,0,1,867,761,0.8777393310265282,65.71747700394218,0.8873913115261769,0.9500624219725343,0.4588378925041118
271,merged_BC,259,0,1,730,658,0.9013698630136986,190.47720364741642,0.8972905286545928,0.9648093841642229,0.711394723315851
